node,x,y
175,47.0649845,15.4432245
822,47.0657154,15.4443294
827,47.066285,15.4458905
828,47.0664954,15.4461875
179,47.0667605,15.4462725
55,47.0676334,15.4464342
347,47.0680603,15.4468364
345,47.0685912,15.4474328
309,47.0685386,15.4475559
312,47.0696613,15.4488077
310,47.069833,15.4489615
9062,47.0699517,15.4490946
9063,47.0700352,15.4491865
2771,47.069805,15.4499376
2770,47.0704266,15.450284
223,47.0711702,15.4505637
222,47.0721264,15.4505846
5750,47.0721405,15.4506837
361,47.0721548,15.4507904
360,47.0744854,15.4500914
4087,47.0747832,15.449929
6101,47.0758319,15.4493753
7303,47.0758524,15.4494536
7430,47.0759792,15.4499416
9110,47.0760882,15.4502756
6109,47.0761431,15.4504436
288,47.0762003,15.4504041
289,47.0763704,15.450666
7431,47.076438,15.4507604
3871,47.0776175,15.4527241
359,47.0781497,15.4536453
832,47.0790844,15.4549016
6137,47.0798185,15.4556537
2730,47.0807671,15.456658
2732,47.0819555,15.4579062
3873,47.0830459,15.4590544
6081,47.0835062,15.4595398
6082,47.08365,15.4596798
6112,47.0837359,15.4597635
6226,47.0837993,15.4597997
3688,47.084316,15.460043
6386,47.0866457,15.4605693
866,47.0881014,15.4602977
3690,47.0881715,15.460276
875,47.0892188,15.4599074
3759,47.0893529,15.4598606
291,47.0895075,15.4598069
290,47.0899656,15.4595576
5901,47.0901918,15.4596602
292,47.0907196,15.459934
8626,47.0916015,15.4601818
6745,47.0918916,15.4603649
8624,47.0921471,15.4606331
877,47.0924874,15.4610214
3058,47.0935287,15.4622654
881,47.0940449,15.4629897
884,47.0946219,15.463921
8625,47.0956479,15.465809
3064,47.0969066,15.4671982
3065,47.0971217,15.4674055
6900,47.0971288,15.4674137
886,47.0973597,15.467634
5066,47.0982118,15.4686991
5064,47.0990324,15.469754
9105,47.0989451,15.4710001
6899,47.0989595,15.4732002
6734,47.0990595,15.4736006
8248,47.0991251,15.4738384
5263,47.0995102,15.4752843
8247,47.0995368,15.4753805
6742,47.0997151,15.4760031
5096,47.1002113,15.4774562
5995,47.1003647,15.4785586
4795,47.1012611,15.4802337
5996,47.1012807,15.480264
6730,47.1013276,15.4803415
6731,47.101414,15.480486
8283,47.1016746,15.4808927
5208,47.1020708,15.4815931
8907,47.1022405,15.4820301
7527,47.1023053,15.4822292
569,47.1029659,15.4838892
5895,47.1034626,15.4854992
2717,47.1043325,15.4869246
5884,47.1051878,15.4880166
5885,47.105526,15.4883228
5892,47.1056106,15.4883753
5886,47.1057784,15.4884793
5887,47.1061359,15.4885564
2672,47.1065128,15.4886507
2673,47.1064457,15.488973
9328,47.1066257,15.4914178
