node,x,y
175,47.0649845,15.4432245
195,47.0644558,15.4426864
10,47.064321,15.4426592
9,47.0643071,15.4426604
1846,47.0641385,15.4426843
7221,47.0637067,15.4428964
588,47.0630185,15.4432688
7363,47.0620825,15.4437577
6484,47.0611775,15.4442902
7222,47.0610712,15.444355
7476,47.0595424,15.4451785
7541,47.0591465,15.4453868
1194,47.0588883,15.445514
9439,47.0569625,15.4465397
1280,47.0564817,15.4467988
8026,47.0560355,15.4470663
8028,47.0558722,15.447191
7139,47.0558241,15.4472384
1374,47.055729,15.4473861
8027,47.0555175,15.4477113
6803,47.0552422,15.4479096
5873,47.0545703,15.4484032
5872,47.0543823,15.4485353
6811,47.0542486,15.4486394
6810,47.0537443,15.4490192
6812,47.0528815,15.4496505
6809,47.0511583,15.4509134
5871,47.0505853,15.4513565
5870,47.0495458,15.4521134
6814,47.0480143,15.4532708
5869,47.0474783,15.4537323
5868,47.0474092,15.4537823
8548,47.047407,15.4546985
9001,47.0473885,15.454938
5867,47.0473023,15.4556694
5801,47.0473024,15.4558927
1378,47.0472119,15.4559043
1379,47.0471489,15.4566391
1651,47.0469867,15.4585508
7778,47.0469258,15.4591426
722,47.0442821,15.4628227
723,47.0439024,15.4632426
6552,47.043741,15.4634488
6495,47.0431524,15.4642401
6988,47.0429753,15.4643441
5802,47.04281,15.4643253
6982,47.042494,15.4638843
8544,47.0421825,15.4637264
6270,47.0418299,15.4636603
6987,47.0418303,15.4638269
8628,47.0417921,15.4639116
7801,47.0416535,15.4639724
3958,47.04158,15.4639211
416,47.0410795,15.4644341
3959,47.0410348,15.4645561
6268,47.0409455,15.4647817
8543,47.0409083,15.4648741
